{"VQ+wmlzRTrp24G3mxmCArA==":"laura-chouette-nkwnc-w-gp8-unsplash.jpg","uUIUmNT1Js8ngsvVzEGtVw==":"peter-jones-j7gmnb12vp0-unsplash.jpg","1mCMvdksh+3wlyG2D1Yq7A==":"redeemer-kwei-amartey-ow8e-g9umdw-unsplash.jpg","TMtIuZ8FNK8TE6ZEsDEl2Q==":"damir-kopezhanov-nc6cyrvbtku-unsplash.jpg","FMU4RZpK5yRDaLtxfPjU5w==":"startup1.jpg","PxirYB5brJSXSBf9nxIsHA==":"startup2.jpg","Bo/vA+hYUsAGdqp7Yn0kVQ==":"startup6.jpg","HtlaIZ/JVAIPvSRa3XezHg==":"startup10.jpg","HrSLa9GQe8vVH4uAFE5DBg==":"startup8.jpg","asobNCmf4Q4SF1dvrMtPCQ==":"startup5.jpg","arRcpmjd8Ah6NqSV30V4Gw==":"startup9.jpg","Zlm2ADE2gsW8pAbsnP9bmQ==":"startup7.jpg","EbSmKcCJqMf5MqgtBg+6mQ==":"startup3.jpg","Gwq01Am8mR0NwpOaEqeiSA==":"startup4.jpg","4QRNNK0OR6n7gjKkfe0E2A==":"mbr-1076x717.jpg","nFFjMx0xvpO00NeM2WVuNg==":"mbr-1920x1319.jpg","ztvAPcgAEKYR8lR8bvEV2w==":"mbr-1920x1278.jpg","osFNzzPnqzRPll3B0guF1A==":"mbr-1920x1280.jpg","4MWS6mkMuLw1R2G9HwWMEg==":"mbr-1-1920x1280.jpg","5X+wGdn+Lny9EVuM+X6K3A==":"mbr-2-1920x1280.jpg","CkZTmdB9W5GPDAmzmi0iuw==":"mbr-1920x1285.jpg","SkaplGEEABCX/8RzcvSg+g==":"mbr-3-1920x1280.jpg","k6r/GzLiC8q6AclHyk0X3w==":"mbr-1456x971.jpg","YEylcGYhKjpPzkQlUhOaOA==":"mbr-340x255.jpg","+iUSiYszr5eKxbJWypDmtA==":"mbr-1-1920x1285.jpg","b7km5LmU2lU3Gugi6qWySA==":"mbr-1076x713.jpg","NBMUuKxLptHQ+G1bsoCzkg==":"mbr-1076x685.jpg","ImHt2Ctc3oDOcvWxfG9efw==":"mbr-1-1076x717.jpg","X53T13dgnM1VAAfolnqiog==":"mbr-1729x1022.jpg","tLpM9LWq/KM1xAJ+qbHnrg==":"mbr-1729x865.jpg","ytR+t9k3c9pT2TTq9LAHQQ==":"mbr-1773x1330.png","/7pKQPgy2GlSDTZl6rcXIg==":"digi%20cruit%20logo%20.svg","Ki9omqdlUzLV9EP4Rye1+Q==":"pm6.jpg","PoDRzKT9lKzTGHiBt2WNNw==":"wired-lineal-982-cv-curriculum-vitae-resume.gif","KarpGGbTLOaiohK0kfEyaw==":"wired-lineal-982-cv-curriculum-vitae-resume%20(1).gif","KRL6cFB6DEISjiFHG3Y8KQ==":"mbr-1536x1920.png","EgS5dabtrk1t7fvANatDfg==":"mbr-1741x1741.png","WSX3N3G+CO5+897Qne58aA==":"background.jpg","PpCf3F4U4fgK47ZEi5fDrw==":"background-1.jpg","SmeRql+tB+uXtAe4Qr1u4w==":"design5.jpg","mGQCokfskMB3nePxziFgpA==":"background1.jpg"}